{
	"id": "13259623c846db45286627481296fbb6",
	"_format": "hh-sol-build-info-1",
	"solcVersion": "0.8.7",
	"solcLongVersion": "0.8.7+commit.e28d00a7",
	"input": {
		"language": "Solidity",
		"sources": {
			"Mapping,sol.sol": {
				"content": "// SPDX-License-Identifier: GPL-3.0\r\n\r\npragma solidity >=0.7.0 <0.9.0;\r\n\r\n\r\nstruct Student\r\n{\r\n    string name;\r\n    uint class;\r\n}\r\n\r\n\r\n"
			}
		},
		"settings": {
			"optimizer": {
				"enabled": false,
				"runs": 200
			},
			"outputSelection": {
				"*": {
					"": [
						"ast"
					],
					"*": [
						"abi",
						"metadata",
						"devdoc",
						"userdoc",
						"evm.legacyAssembly",
						"evm.bytecode",
						"evm.deployedBytecode",
						"evm.methodIdentifiers",
						"evm.gasEstimates",
						"evm.assembly"
					]
				}
			}
		}
	},
	"output": {
		"sources": {
			"Mapping,sol.sol": {
				"ast": {
					"absolutePath": "Mapping,sol.sol",
					"exportedSymbols": {
						"Student": [
							6
						]
					},
					"id": 7,
					"license": "GPL-3.0",
					"nodeType": "SourceUnit",
					"nodes": [
						{
							"id": 1,
							"literals": [
								"solidity",
								">=",
								"0.7",
								".0",
								"<",
								"0.9",
								".0"
							],
							"nodeType": "PragmaDirective",
							"src": "39:31:0"
						},
						{
							"canonicalName": "Student",
							"id": 6,
							"members": [
								{
									"constant": false,
									"id": 3,
									"mutability": "mutable",
									"name": "name",
									"nameLocation": "106:4:0",
									"nodeType": "VariableDeclaration",
									"scope": 6,
									"src": "99:11:0",
									"stateVariable": false,
									"storageLocation": "default",
									"typeDescriptions": {
										"typeIdentifier": "t_string_storage_ptr",
										"typeString": "string"
									},
									"typeName": {
										"id": 2,
										"name": "string",
										"nodeType": "ElementaryTypeName",
										"src": "99:6:0",
										"typeDescriptions": {
											"typeIdentifier": "t_string_storage_ptr",
											"typeString": "string"
										}
									},
									"visibility": "internal"
								},
								{
									"constant": false,
									"id": 5,
									"mutability": "mutable",
									"name": "class",
									"nameLocation": "122:5:0",
									"nodeType": "VariableDeclaration",
									"scope": 6,
									"src": "117:10:0",
									"stateVariable": false,
									"storageLocation": "default",
									"typeDescriptions": {
										"typeIdentifier": "t_uint256",
										"typeString": "uint256"
									},
									"typeName": {
										"id": 4,
										"name": "uint",
										"nodeType": "ElementaryTypeName",
										"src": "117:4:0",
										"typeDescriptions": {
											"typeIdentifier": "t_uint256",
											"typeString": "uint256"
										}
									},
									"visibility": "internal"
								}
							],
							"name": "Student",
							"nameLocation": "83:7:0",
							"nodeType": "StructDefinition",
							"scope": 7,
							"src": "76:55:0",
							"visibility": "public"
						}
					],
					"src": "39:98:0"
				},
				"id": 0
			}
		}
	}
}