{
	"id": "66adac690fdcda359618cc360c37e587",
	"_format": "hh-sol-build-info-1",
	"solcVersion": "0.5.0",
	"solcLongVersion": "0.5.0+commit.1d4f565a",
	"input": {
		"language": "Solidity",
		"sources": {
			"problem_2018.sol": {
				"content": "// SPDX-License-Identifier: GPL-3.0\r\n\r\npragma solidity 0.5.0;"
			}
		},
		"settings": {
			"optimizer": {
				"enabled": false,
				"runs": 200
			},
			"outputSelection": {
				"*": {
					"": [
						"ast"
					],
					"*": [
						"abi",
						"metadata",
						"devdoc",
						"userdoc",
						"evm.legacyAssembly",
						"evm.bytecode",
						"evm.deployedBytecode",
						"evm.methodIdentifiers",
						"evm.gasEstimates",
						"evm.assembly"
					]
				}
			}
		}
	},
	"output": {
		"contracts": {},
		"sources": {
			"problem_2018.sol": {
				"ast": {
					"absolutePath": "problem_2018.sol",
					"exportedSymbols": {},
					"id": 2,
					"nodeType": "SourceUnit",
					"nodes": [
						{
							"id": 1,
							"literals": [
								"solidity",
								"0.5",
								".0"
							],
							"nodeType": "PragmaDirective",
							"src": "39:22:0"
						}
					],
					"src": "39:22:0"
				},
				"id": 0
			}
		}
	}
}