{
	"id": "f8be74cd56bbba69428e482269678aa4",
	"_format": "hh-sol-build-info-1",
	"solcVersion": "0.8.7",
	"solcLongVersion": "0.8.7+commit.e28d00a7",
	"input": {
		"language": "Solidity",
		"sources": {
			"Enum.sol": {
				"content": "// SPDX-License-Identifier: GPL-3.0\r\n\r\npragma solidity >=0.7.0 <0.9.0;\r\n\r\n"
			}
		},
		"settings": {
			"optimizer": {
				"enabled": false,
				"runs": 200
			},
			"outputSelection": {
				"*": {
					"": [
						"ast"
					],
					"*": [
						"abi",
						"metadata",
						"devdoc",
						"userdoc",
						"evm.legacyAssembly",
						"evm.bytecode",
						"evm.deployedBytecode",
						"evm.methodIdentifiers",
						"evm.gasEstimates",
						"evm.assembly"
					]
				}
			}
		}
	},
	"output": {
		"sources": {
			"Enum.sol": {
				"ast": {
					"absolutePath": "Enum.sol",
					"exportedSymbols": {},
					"id": 2,
					"license": "GPL-3.0",
					"nodeType": "SourceUnit",
					"nodes": [
						{
							"id": 1,
							"literals": [
								"solidity",
								">=",
								"0.7",
								".0",
								"<",
								"0.9",
								".0"
							],
							"nodeType": "PragmaDirective",
							"src": "39:31:0"
						}
					],
					"src": "39:35:0"
				},
				"id": 0
			}
		}
	}
}