{
	"id": "74f263bb595de82c08e218c7cfe2d52c",
	"_format": "hh-sol-build-info-1",
	"solcVersion": "0.8.0",
	"solcLongVersion": "0.8.0+commit.c7dfd78e",
	"input": {
		"language": "Solidity",
		"sources": {
			"array.sol": {
				"content": "// SPDX-License-Identifier: GPL-3.0\r\n\r\npragma solidity 0.8.0;\r\n"
			}
		},
		"settings": {
			"optimizer": {
				"enabled": false,
				"runs": 200
			},
			"outputSelection": {
				"*": {
					"": [
						"ast"
					],
					"*": [
						"abi",
						"metadata",
						"devdoc",
						"userdoc",
						"evm.legacyAssembly",
						"evm.bytecode",
						"evm.deployedBytecode",
						"evm.methodIdentifiers",
						"evm.gasEstimates",
						"evm.assembly"
					]
				}
			}
		}
	},
	"output": {
		"sources": {
			"array.sol": {
				"ast": {
					"absolutePath": "array.sol",
					"exportedSymbols": {},
					"id": 2,
					"license": "GPL-3.0",
					"nodeType": "SourceUnit",
					"nodes": [
						{
							"id": 1,
							"literals": [
								"solidity",
								"0.8",
								".0"
							],
							"nodeType": "PragmaDirective",
							"src": "39:22:0"
						}
					],
					"src": "39:24:0"
				},
				"id": 0
			}
		}
	}
}